{
    "accuracy": 0.8093795579490631,
    "precision": 0.5632635253054101,
    "recall": 0.649069884364002,
    "f1_score": 0.6031301097874329,
    "confusion_matrix": [
        [
            5923,
            1001
        ],
        [
            698,
            1291
        ]
    ],
    "classification_report": "              precision    recall  f1-score   support\n\n           0       0.89      0.86      0.87      6924\n           1       0.56      0.65      0.60      1989\n\n    accuracy                           0.81      8913\n   macro avg       0.73      0.75      0.74      8913\nweighted avg       0.82      0.81      0.81      8913\n"
}